Workbook
Name Accuracy: 'data (2)'!$Y$21
Name cut: 'data (2)'!$Y$20
Name F1_score: 'data (2)'!$Y$24
Name FN: 'data (2)'!$AD$4
Name FP: 'data (2)'!$AC$5
Name Precision: 'data (2)'!$Y$22
Name Recall: 'data (2)'!$Y$23
Name TN: 'data (2)'!$AD$5
Name TP: 'data (2)'!$AC$4
Name 구독여부: 'data (2)'!$B$2:$B$674
Name 구독예측: 'data (2)'!$U$2:$U$674

Sheet data
A1: 번호 | B1: 구독여부 | C1: 수입 | D1: 여성 | E1: 기혼 | F1: 대졸 | G1: 직업유무 | H1: 퇴직 | I1: 무직 | J1: 현재지역거주기간_년 | K1: 맞벌이 | L1: 18세이하자녀여부 | M1: 자가여부 | N1: 단독주택여부 | O1: 백인여부 | P1: 영어_모국어여부 | Q1: 과거자녀잡지구독 | R1: 과거부모잡지구독 | S1: score | T1: 확률 | U1: 구독예측
A2: 1 | B2: 0 | C2: 24000 | D2: 1 | E2: 0 | F2: 1 | G2: 1 | H2: 0 | I2: 0 | J2: 26 | K2: 0 | L2: 0 | M2: 0 | N2: 1 | O2: 0 | P2: 0 | Q2: 0 | R2: 0
A3: 2 | B3: 1 | C3: 75000 | D3: 1 | E3: 1 | F3: 1 | G3: 1 | H3: 0 | I3: 0 | J3: 15 | K3: 1 | L3: 0 | M3: 1 | N3: 1 | O3: 1 | P3: 1 | Q3: 1 | R3: 0
A4: 3 | B4: 0 | C4: 46000 | D4: 1 | E4: 1 | F4: 0 | G4: 0 | H4: 0 | I4: 0 | J4: 36 | K4: 1 | L4: 1 | M4: 1 | N4: 1 | O4: 1 | P4: 1 | Q4: 0 | R4: 0
A5: 4 | B5: 1 | C5: 70000 | D5: 0 | E5: 1 | F5: 0 | G5: 1 | H5: 0 | I5: 0 | J5: 55 | K5: 0 | L5: 0 | M5: 1 | N5: 1 | O5: 1 | P5: 1 | Q5: 1 | R5: 0
A6: 5 | B6: 0 | C6: 43000 | D6: 1 | E6: 0 | F6: 0 | G6: 0 | H6: 0 | I6: 0 | J6: 27 | K6: 0 | L6: 0 | M6: 0 | N6: 0 | O6: 1 | P6: 1 | Q6: 0 | R6: 1
A7: 6 | B7: 0 | C7: 24000 | D7: 1 | E7: 1 | F7: 0 | G7: 0 | H7: 0 | I7: 0 | J7: 41 | K7: 0 | L7: 0 | M7: 1 | N7: 1 | O7: 0 | P7: 0 | Q7: 0 | R7: 0
A8: 7 | B8: 0 | C8: 26000 | D8: 1 | E8: 1 | F8: 1 | G8: 0 | H8: 1 | I8: 0 | J8: 20 | K8: 0 | L8: 1 | M8: 1 | N8: 1 | O8: 1 | P8: 1 | Q8: 0 | R8: 0
A9: 8 | B9: 0 | C9: 38000 | D9: 1 | E9: 1 | F9: 0 | G9: 0 | H9: 1 | I9: 0 | J9: 8 | K9: 0 | L9: 0 | M9: 1 | N9: 1 | O9: 1 | P9: 1 | Q9: 0 | R9: 0
A10: 9 | B10: 0 | C10: 39000 | D10: 1 | E10: 0 | F10: 1 | G10: 1 | H10: 0 | I10: 0 | J10: 17 | K10: 0 | L10: 0 | M10: 0 | N10: 0 | O10: 1 | P10: 1 | Q10: 0 | R10: 0
A11: 10 | B11: 0 | C11: 49000 | D11: 0 | E11: 1 | F11: 0 | G11: 0 | H11: 1 | I11: 0 | J11: 31 | K11: 0 | L11: 0 | M11: 1 | N11: 1 | O11: 1 | P11: 1 | Q11: 0 | R11: 0
A12: 11 | B12: 1 | C12: 75000 | D12: 1 | E12: 0 | F12: 1 | G12: 0 | H12: 0 | I12: 0 | J12: 13 | K12: 1 | L12: 0 | M12: 0 | N12: 0 | O12: 1 | P12: 1 | Q12: 0 | R12: 1
A13: 12 | B13: 0 | C13: 31000 | D13: 1 | E13: 0 | F13: 1 | G13: 0 | H13: 1 | I13: 0 | J13: 51 | K13: 0 | L13: 0 | M13: 0 | N13: 0 | O13: 1 | P13: 1 | Q13: 0 | R13: 0
... A674: 673 | B674: 0 | C674: 11000 | D674: 0 | E674: 1 | F674: 0 | G674: 0 | H674: 0 | I674: 1 | J674: 11 | K674: 0 | L674: 1 | M674: 0 | N674: 0 | O674: 0 | P674: 1 | Q674: 0 | R674: 0
A675: 674 | C675: 55000 | D675: 1 | E675: 1 | F675: 1 | G675: 1 | H675: 0 | I675: 0 | J675: 5 | K675: 1 | L675: 1 | M675: 0 | N675: 0 | O675: 0 | P675: 0 | Q675: 0 | R675: 1

Sheet data (2)
A1: 번호 | B1: 구독여부 | C1: 수입 | D1: 여성 | E1: 기혼 | F1: 대졸 | G1: 직업유무 | H1: 퇴직 | I1: 무직 | J1: 현재지역거주기간_년 | K1: 맞벌이 | L1: 18세이하자녀여부 | M1: 자가여부 | N1: 단독주택여부 | O1: 백인여부 | P1: 영어_모국어여부 | Q1: 과거자녀잡지구독 | R1: 과거부모잡지구독 | S1: score(βX) | T1: 확률 | U1: 구독예측 | AA1: Confusion Matrix
A2: 1 | B2: 0 | C2: =(data!C2-AVERAGE(data!C:C))/_xlfn.STDEV.S(data!C:C) -> -0.46658943 | D2: 1 | E2: 0 | F2: 1 | G2: 1 | H2: 0 | I2: 0 | J2: =(data!J2-AVERAGE(data!J:J))/_xlfn.STDEV.S(data!J:J) -> 0.619766 | K2: 0 | L2: 0 | M2: 0 | N2: 1 | O2: 0 | P2: 0 | Q2: 0 | R2: 0 | S2: {=$Y$2+MMULT(C2:R2,$Y$3:$Y$18)} -> -8.1684124 | T2: =EXP(S2)/(1+EXP(S2)) -> 0.00028338737 | U2: =IF(T2>=cut,1,0) -> 0 | X2: 상수 | Y2: -4.1323658 | AC2: 예측
A3: 2 | B3: 1 | C3: =(data!C3-AVERAGE(data!C:C))/_xlfn.STDEV.S(data!C:C) -> 1.6755964 | D3: 1 | E3: 1 | F3: 1 | G3: 1 | H3: 0 | I3: 0 | J3: =(data!J3-AVERAGE(data!J:J))/_xlfn.STDEV.S(data!J:J) -> -0.191775 | K3: 1 | L3: 0 | M3: 1 | N3: 1 | O3: 1 | P3: 1 | Q3: 1 | R3: 0 | S3: {=$Y$2+MMULT(C3:R3,$Y$3:$Y$18)} -> 5.0023464 | T3: =EXP(S3)/(1+EXP(S3)) -> 0.99332273 | U3: =IF(T3>=cut,1,0) -> 1 | X3: 수입 | Y3: 5.9600344 | AC3: 1 | AD3: 0
A4: 3 | B4: 0 | C4: =(data!C4-AVERAGE(data!C:C))/_xlfn.STDEV.S(data!C:C) -> 0.45749072 | D4: 1 | E4: 1 | F4: 0 | G4: 0 | H4: 0 | I4: 0 | J4: =(data!J4-AVERAGE(data!J:J))/_xlfn.STDEV.S(data!J:J) -> 1.3575305 | K4: 1 | L4: 1 | M4: 1 | N4: 1 | O4: 1 | P4: 1 | Q4: 0 | R4: 0 | S4: {=$Y$2+MMULT(C4:R4,$Y$3:$Y$18)} -> -1.8229985 | T4: =EXP(S4)/(1+EXP(S4)) -> 0.13907447 | U4: =IF(T4>=cut,1,0) -> 0 | X4: 여성 | Y4: 0.17917332 | AA4: 실제 | AB4: 1 | AC4: =COUNTIFS(구독예측,1,구독여부,1) -> 109 | AD4: =COUNTIFS(구독예측,0,구독여부,1) -> 16
A5: 4 | B5: 1 | C5: =(data!C5-AVERAGE(data!C:C))/_xlfn.STDEV.S(data!C:C) -> 1.4655782 | D5: 0 | E5: 1 | F5: 0 | G5: 1 | H5: 0 | I5: 0 | J5: =(data!J5-AVERAGE(data!J:J))/_xlfn.STDEV.S(data!J:J) -> 2.7592832 | K5: 0 | L5: 0 | M5: 1 | N5: 1 | O5: 1 | P5: 1 | Q5: 1 | R5: 0 | S5: {=$Y$2+MMULT(C5:R5,$Y$3:$Y$18)} -> 5.6835732 | T5: =EXP(S5)/(1+EXP(S5)) -> 0.99661015 | U5: =IF(T5>=cut,1,0) -> 1 | X5: 기혼 | Y5: -0.12397328 | AB5: 0 | AC5: =COUNTIFS(구독예측,1,구독여부,0) -> 23 | AD5: =COUNTIFS(구독예측,0,구독여부,0) -> 525
A6: 5 | B6: 0 | C6: =(data!C6-AVERAGE(data!C:C))/_xlfn.STDEV.S(data!C:C) -> 0.33147979 | D6: 1 | E6: 0 | F6: 0 | G6: 0 | H6: 0 | I6: 0 | J6: =(data!J6-AVERAGE(data!J:J))/_xlfn.STDEV.S(data!J:J) -> 0.69354245 | K6: 0 | L6: 0 | M6: 0 | N6: 0 | O6: 1 | P6: 1 | Q6: 0 | R6: 1 | S6: {=$Y$2+MMULT(C6:R6,$Y$3:$Y$18)} -> -3.0633633 | T6: =EXP(S6)/(1+EXP(S6)) -> 0.044644035 | U6: =IF(T6>=cut,1,0) -> 0 | X6: 대졸 | Y6: -0.60212273
A7: 6 | B7: 0 | C7: =(data!C7-AVERAGE(data!C:C))/_xlfn.STDEV.S(data!C:C) -> -0.46658943 | D7: 1 | E7: 1 | F7: 0 | G7: 0 | H7: 0 | I7: 0 | J7: =(data!J7-AVERAGE(data!J:J))/_xlfn.STDEV.S(data!J:J) -> 1.7264128 | K7: 0 | L7: 0 | M7: 1 | N7: 1 | O7: 0 | P7: 0 | Q7: 0 | R7: 0 | S7: {=$Y$2+MMULT(C7:R7,$Y$3:$Y$18)} -> -4.7993101 | T7: =EXP(S7)/(1+EXP(S7)) -> 0.0081681581 | U7: =IF(T7>=cut,1,0) -> 0 | X7: 직업유무 | Y7: -0.73776246
A8: 7 | B8: 0 | C8: =(data!C8-AVERAGE(data!C:C))/_xlfn.STDEV.S(data!C:C) -> -0.38258215 | D8: 1 | E8: 1 | F8: 1 | G8: 0 | H8: 1 | I8: 0 | J8: =(data!J8-AVERAGE(data!J:J))/_xlfn.STDEV.S(data!J:J) -> 0.17710727 | K8: 0 | L8: 1 | M8: 1 | N8: 1 | O8: 1 | P8: 1 | Q8: 0 | R8: 0 | S8: {=$Y$2+MMULT(C8:R8,$Y$3:$Y$18)} -> -11.229813 | T8: =EXP(S8)/(1+EXP(S8)) -> 1.3272364e-05 | U8: =IF(T8>=cut,1,0) -> 0 | X8: 퇴직 | Y8: -2.8570552
A9: 8 | B9: 0 | C9: =(data!C9-AVERAGE(data!C:C))/_xlfn.STDEV.S(data!C:C) -> 0.12146157 | D9: 1 | E9: 1 | F9: 0 | G9: 0 | H9: 1 | I9: 0 | J9: =(data!J9-AVERAGE(data!J:J))/_xlfn.STDEV.S(data!J:J) -> -0.70821017 | K9: 0 | L9: 0 | M9: 1 | N9: 1 | O9: 1 | P9: 1 | Q9: 0 | R9: 0 | S9: {=$Y$2+MMULT(C9:R9,$Y$3:$Y$18)} -> -7.3123087 | T9: =EXP(S9)/(1+EXP(S9)) -> 0.00066682978 | U9: =IF(T9>=cut,1,0) -> 0 | X9: 무직 | Y9: 0.84511762
A10: 9 | B10: 0 | C10: =(data!C10-AVERAGE(data!C:C))/_xlfn.STDEV.S(data!C:C) -> 0.16346522 | D10: 1 | E10: 0 | F10: 1 | G10: 1 | H10: 0 | I10: 0 | J10: =(data!J10-AVERAGE(data!J:J))/_xlfn.STDEV.S(data!J:J) -> -0.044222088 | K10: 0 | L10: 0 | M10: 0 | N10: 0 | O10: 1 | P10: 1 | Q10: 0 | R10: 0 | S10: {=$Y$2+MMULT(C10:R10,$Y$3:$Y$18)} -> -6.0615972 | T10: =EXP(S10)/(1+EXP(S10)) -> 0.0023252559 | U10: =IF(T10>=cut,1,0) -> 0 | X10: 현재지역거주기간_년 | Y10: 0.59319327
A11: 10 | B11: 0 | C11: =(data!C11-AVERAGE(data!C:C))/_xlfn.STDEV.S(data!C:C) -> 0.58350165 | D11: 0 | E11: 1 | F11: 0 | G11: 0 | H11: 1 | I11: 0 | J11: =(data!J11-AVERAGE(data!J:J))/_xlfn.STDEV.S(data!J:J) -> 0.98864827 | K11: 0 | L11: 0 | M11: 1 | N11: 1 | O11: 1 | P11: 1 | Q11: 0 | R11: 0 | S11: {=$Y$2+MMULT(C11:R11,$Y$3:$Y$18)} -> -3.7311422 | T11: =EXP(S11)/(1+EXP(S11)) -> 0.023404545 | U11: =IF(T11>=cut,1,0) -> 0 | X11: 맞벌이 | Y11: 0.24055462
A12: 11 | B12: 1 | C12: =(data!C12-AVERAGE(data!C:C))/_xlfn.STDEV.S(data!C:C) -> 1.6755964 | D12: 1 | E12: 0 | F12: 1 | G12: 0 | H12: 0 | I12: 0 | J12: =(data!J12-AVERAGE(data!J:J))/_xlfn.STDEV.S(data!J:J) -> -0.3393279 | K12: 1 | L12: 0 | M12: 0 | N12: 0 | O12: 1 | P12: 1 | Q12: 0 | R12: 1 | S12: {=$Y$2+MMULT(C12:R12,$Y$3:$Y$18)} -> 3.9733579 | T12: =EXP(S12)/(1+EXP(S12)) -> 0.98153713 | U12: =IF(T12>=cut,1,0) -> 1 | X12: 18세이하자녀여부 | Y12: -0.83642833
A13: 12 | B13: 0 | C13: =(data!C13-AVERAGE(data!C:C))/_xlfn.STDEV.S(data!C:C) -> -0.17256393 | D13: 1 | E13: 0 | F13: 1 | G13: 0 | H13: 1 | I13: 0 | J13: =(data!J13-AVERAGE(data!J:J))/_xlfn.STDEV.S(data!J:J) -> 2.4641774 | K13: 0 | L13: 0 | M13: 0 | N13: 0 | O13: 1 | P13: 1 | Q13: 0 | R13: 0 | S13: {=$Y$2+MMULT(C13:R13,$Y$3:$Y$18)} -> -8.6956695 | T13: =EXP(S13)/(1+EXP(S13)) -> 0.00016728078 | U13: =IF(T13>=cut,1,0) -> 0 | X13: 자가여부 | Y13: 1.4967349
A14: 13 | B14: 0 | C14: =(data!C14-AVERAGE(data!C:C))/_xlfn.STDEV.S(data!C:C) -> -1.0546404 | D14: 0 | E14: 0 | F14: 0 | G14: 0 | H14: 0 | I14: 0 | J14: =(data!J14-AVERAGE(data!J:J))/_xlfn.STDEV.S(data!J:J) -> -0.85576308 | K14: 0 | L14: 0 | M14: 0 | N14: 0 | O14: 1 | P14: 1 | Q14: 0 | R14: 0 | S14: {=$Y$2+MMULT(C14:R14,$Y$3:$Y$18)} -> -12.642238 | T14: =EXP(S14)/(1+EXP(S14)) -> 3.2325449e-06 | U14: =IF(T14>=cut,1,0) -> 0 | X14: 단독주택여부 | Y14: -0.4620867
A15: 14 | B15: 0 | C15: =(data!C15-AVERAGE(data!C:C))/_xlfn.STDEV.S(data!C:C) -> -0.55059672 | D15: 0 | E15: 0 | F15: 0 | G15: 0 | H15: 0 | I15: 0 | J15: =(data!J15-AVERAGE(data!J:J))/_xlfn.STDEV.S(data!J:J) -> -1.1508689 | K15: 0 | L15: 0 | M15: 0 | N15: 0 | O15: 1 | P15: 1 | Q15: 0 | R15: 0 | S15: {=$Y$2+MMULT(C15:R15,$Y$3:$Y$18)} -> -9.8131745 | T15: =EXP(S15)/(1+EXP(S15)) -> 5.4722849e-05 | U15: =IF(T15>=cut,1,0) -> 0 | X15: 백인여부 | Y15: 1.7022861
A16: 15 | B16: 0 | C16: =(data!C16-AVERAGE(data!C:C))/_xlfn.STDEV.S(data!C:C) -> 0.16346522 | D16: 0 | E16: 1 | F16: 0 | G16: 0 | H16: 0 | I16: 0 | J16: =(data!J16-AVERAGE(data!J:J))/_xlfn.STDEV.S(data!J:J) -> 0.47221309 | K16: 0 | L16: 0 | M16: 1 | N16: 1 | O16: 0 | P16: 0 | Q16: 0 | R16: 0 | S16: {=$Y$2+MMULT(C16:R16,$Y$3:$Y$18)} -> -1.9673189 | T16: =EXP(S16)/(1+EXP(S16)) -> 0.12267716 | U16: =IF(T16>=cut,1,0) -> 0 | X16: 영어_모국어여부 | Y16: -3.4188317
A17: 16 | B17: 0 | C17: =(data!C17-AVERAGE(data!C:C))/_xlfn.STDEV.S(data!C:C) -> -1.3906696 | D17: 0 | E17: 1 | F17: 0 | G17: 0 | H17: 0 | I17: 1 | J17: =(data!J17-AVERAGE(data!J:J))/_xlfn.STDEV.S(data!J:J) -> 2.5379538 | K17: 1 | L17: 1 | M17: 0 | N17: 1 | O17: 0 | P17: 1 | Q17: 0 | R17: 0 | S17: {=$Y$2+MMULT(C17:R17,$Y$3:$Y$18)} -> -14.670955 | T17: =EXP(S17)/(1+EXP(S17)) -> 4.2509404e-07 | U17: =IF(T17>=cut,1,0) -> 0 | X17: 과거자녀잡지구독 | Y17: 0.98788773
A18: 17 | B18: 1 | C18: =(data!C18-AVERAGE(data!C:C))/_xlfn.STDEV.S(data!C:C) -> 1.6755964 | D18: 0 | E18: 0 | F18: 0 | G18: 0 | H18: 0 | I18: 0 | J18: =(data!J18-AVERAGE(data!J:J))/_xlfn.STDEV.S(data!J:J) -> -0.63443372 | K18: 0 | L18: 0 | M18: 0 | N18: 1 | O18: 1 | P18: 1 | Q18: 1 | R18: 0 | S18: {=$Y$2+MMULT(C18:R18,$Y$3:$Y$18)} -> 4.2871599 | T18: =EXP(S18)/(1+EXP(S18)) -> 0.98644243 | U18: =IF(T18>=cut,1,0) -> 1 | X18: 과거부모잡지구독 | Y18: 0.21933912
A19: 18 | B19: 1 | C19: =(data!C19-AVERAGE(data!C:C))/_xlfn.STDEV.S(data!C:C) -> 1.4235745 | D19: 1 | E19: 1 | F19: 0 | G19: 0 | H19: 0 | I19: 0 | J19: =(data!J19-AVERAGE(data!J:J))/_xlfn.STDEV.S(data!J:J) -> -1.2984218 | K19: 0 | L19: 1 | M19: 1 | N19: 1 | O19: 1 | P19: 1 | Q19: 0 | R19: 0 | S19: {=$Y$2+MMULT(C19:R19,$Y$3:$Y$18)} -> 2.1188465 | T19: =EXP(S19)/(1+EXP(S19)) -> 0.89272151 | U19: =IF(T19>=cut,1,0) -> 1
A20: 19 | B20: 1 | C20: =(data!C20-AVERAGE(data!C:C))/_xlfn.STDEV.S(data!C:C) -> 1.0455417 | D20: 1 | E20: 1 | F20: 0 | G20: 1 | H20: 0 | I20: 0 | J20: =(data!J20-AVERAGE(data!J:J))/_xlfn.STDEV.S(data!J:J) -> -0.85576308 | K20: 1 | L20: 0 | M20: 0 | N20: 0 | O20: 1 | P20: 1 | Q20: 1 | R20: 1 | S20: {=$Y$2+MMULT(C20:R20,$Y$3:$Y$18)} -> 0.6401394 | T20: =EXP(S20)/(1+EXP(S20)) -> 0.65478497 | U20: =IF(T20>=cut,1,0) -> 1 | X20: cut | Y20: 0.5
A21: 20 | B21: 0 | C21: =(data!C21-AVERAGE(data!C:C))/_xlfn.STDEV.S(data!C:C) -> -0.97063315 | D21: 1 | E21: 0 | F21: 0 | G21: 0 | H21: 0 | I21: 0 | J21: =(data!J21-AVERAGE(data!J:J))/_xlfn.STDEV.S(data!J:J) -> 0.32466018 | K21: 0 | L21: 0 | M21: 0 | N21: 0 | O21: 1 | P21: 1 | Q21: 0 | R21: 0 | S21: {=$Y$2+MMULT(C21:R21,$Y$3:$Y$18)} -> -11.262159 | T21: =EXP(S21)/(1+EXP(S21)) -> 1.2849936e-05 | U21: =IF(T21>=cut,1,0) -> 0 | X21: Accuracy | Y21: =(TP+TN)/SUM(AC4:AD5) -> 0.94205052
A22: 21 | B22: 0 | C22: =(data!C22-AVERAGE(data!C:C))/_xlfn.STDEV.S(data!C:C) -> 0.28947615 | D22: 1 | E22: 1 | F22: 0 | G22: 0 | H22: 0 | I22: 0 | J22: =(data!J22-AVERAGE(data!J:J))/_xlfn.STDEV.S(data!J:J) -> 2.0952951 | K22: 1 | L22: 0 | M22: 1 | N22: 1 | O22: 1 | P22: 1 | Q22: 0 | R22: 1 | S22: {=$Y$2+MMULT(C22:R22,$Y$3:$Y$18)} -> -1.3309667 | T22: =EXP(S22)/(1+EXP(S22)) -> 0.20899951 | U22: =IF(T22>=cut,1,0) -> 0 | X22: Precision | Y22: =TP/SUM(AC4:AC5) -> 0.82575758
A23: 22 | B23: 0 | C23: =(data!C23-AVERAGE(data!C:C))/_xlfn.STDEV.S(data!C:C) -> -1.3066623 | D23: 1 | E23: 0 | F23: 0 | G23: 0 | H23: 0 | I23: 0 | J23: =(data!J23-AVERAGE(data!J:J))/_xlfn.STDEV.S(data!J:J) -> -0.191775 | K23: 0 | L23: 1 | M23: 0 | N23: 1 | O23: 1 | P23: 1 | Q23: 0 | R23: 0 | S23: {=$Y$2+MMULT(C23:R23,$Y$3:$Y$18)} -> -14.869765 | T23: =EXP(S23)/(1+EXP(S23)) -> 3.4845199e-07 | U23: =IF(T23>=cut,1,0) -> 0 | X23: Recall | Y23: =TP/SUM(AC4:AD4) -> 0.872
A24: 23 | B24: 0 | C24: =(data!C24-AVERAGE(data!C:C))/_xlfn.STDEV.S(data!C:C) -> 1.6755964 | D24: 0 | E24: 0 | F24: 0 | G24: 0 | H24: 0 | I24: 0 | J24: =(data!J24-AVERAGE(data!J:J))/_xlfn.STDEV.S(data!J:J) -> -0.41310436 | K24: 0 | L24: 1 | M24: 0 | N24: 1 | O24: 1 | P24: 1 | Q24: 0 | R24: 0 | S24: {=$Y$2+MMULT(C24:R24,$Y$3:$Y$18)} -> 2.5941349 | T24: =EXP(S24)/(1+EXP(S24)) -> 0.93048316 | U24: =IF(T24>=cut,1,0) -> 1 | X24: F1-score | Y24: =2*Precision*Recall/(Precision+Recall) -> 0.84824903
A25: 24 | B25: 1 | C25: =(data!C25-AVERAGE(data!C:C))/_xlfn.STDEV.S(data!C:C) -> 0.41548708 | D25: 1 | E25: 1 | F25: 1 | G25: 0 | H25: 0 | I25: 0 | J25: =(data!J25-AVERAGE(data!J:J))/_xlfn.STDEV.S(data!J:J) -> 0.17710727 | K25: 1 | L25: 1 | M25: 1 | N25: 1 | O25: 1 | P25: 1 | Q25: 0 | R25: 1 | S25: {=$Y$2+MMULT(C25:R25,$Y$3:$Y$18)} -> -3.1563444 | T25: =EXP(S25)/(1+EXP(S25)) -> 0.040842019 | U25: =IF(T25>=cut,1,0) -> 0
A26: 25 | B26: 0 | C26: =(data!C26-AVERAGE(data!C:C))/_xlfn.STDEV.S(data!C:C) -> -0.59260036 | D26: 1 | E26: 0 | F26: 1 | G26: 0 | H26: 0 | I26: 0 | J26: =(data!J26-AVERAGE(data!J:J))/_xlfn.STDEV.S(data!J:J) -> -1.1508689 | K26: 0 | L26: 0 | M26: 0 | N26: 0 | O26: 1 | P26: 1 | Q26: 0 | R26: 0 | S26: {=$Y$2+MMULT(C26:R26,$Y$3:$Y$18)} -> -10.486467 | T26: =EXP(S26)/(1+EXP(S26)) -> 2.7910852e-05 | U26: =IF(T26>=cut,1,0) -> 0
A27: 26 | B27: 1 | C27: =(data!C27-AVERAGE(data!C:C))/_xlfn.STDEV.S(data!C:C) -> 1.6755964 | D27: 1 | E27: 0 | F27: 1 | G27: 1 | H27: 0 | I27: 0 | J27: =(data!J27-AVERAGE(data!J:J))/_xlfn.STDEV.S(data!J:J) -> -0.11799854 | K27: 0 | L27: 0 | M27: 1 | N27: 1 | O27: 0 | P27: 1 | Q27: 0 | R27: 0 | S27: {=$Y$2+MMULT(C27:R27,$Y$3:$Y$18)} -> 2.239355 | T27: =EXP(S27)/(1+EXP(S27)) -> 0.90372835 | U27: =IF(T27>=cut,1,0) -> 1
A28: 27 | B28: 0 | C28: =(data!C28-AVERAGE(data!C:C))/_xlfn.STDEV.S(data!C:C) -> -0.50859308 | D28: 0 | E28: 0 | F28: 1 | G28: 1 | H28: 0 | I28: 0 | J28: =(data!J28-AVERAGE(data!J:J))/_xlfn.STDEV.S(data!J:J) -> -1.1508689 | K28: 0 | L28: 0 | M28: 0 | N28: 0 | O28: 0 | P28: 1 | Q28: 0 | R28: 0 | S28: {=$Y$2+MMULT(C28:R28,$Y$3:$Y$18)} -> -12.605003 | T28: =EXP(S28)/(1+EXP(S28)) -> 3.3551774e-06 | U28: =IF(T28>=cut,1,0) -> 0
A29: 28 | B29: 0 | C29: =(data!C29-AVERAGE(data!C:C))/_xlfn.STDEV.S(data!C:C) -> 0.12146157 | D29: 0 | E29: 0 | F29: 0 | G29: 0 | H29: 1 | I29: 0 | J29: =(data!J29-AVERAGE(data!J:J))/_xlfn.STDEV.S(data!J:J) -> 1.1362012 | K29: 0 | L29: 0 | M29: 1 | N29: 1 | O29: 1 | P29: 1 | Q29: 0 | R29: 0 | S29: {=$Y$2+MMULT(C29:R29,$Y$3:$Y$18)} -> -6.2734163 | T29: =EXP(S29)/(1+EXP(S29)) -> 0.0018822257 | U29: =IF(T29>=cut,1,0) -> 0
A30: 29 | B30: 0 | C30: =(data!C30-AVERAGE(data!C:C))/_xlfn.STDEV.S(data!C:C) -> -0.97063315 | D30: 1 | E30: 0 | F30: 0 | G30: 0 | H30: 0 | I30: 0 | J30: =(data!J30-AVERAGE(data!J:J))/_xlfn.STDEV.S(data!J:J) -> -0.92953954 | K30: 0 | L30: 0 | M30: 0 | N30: 0 | O30: 1 | P30: 1 | Q30: 0 | R30: 0 | S30: {=$Y$2+MMULT(C30:R30,$Y$3:$Y$18)} -> -12.006142 | T30: =EXP(S30)/(1+EXP(S30)) -> 6.1065549e-06 | U30: =IF(T30>=cut,1,0) -> 0
A31: 30 | B31: 0 | C31: =(data!C31-AVERAGE(data!C:C))/_xlfn.STDEV.S(data!C:C) -> 0.45749072 | D31: 1 | E31: 1 | F31: 0 | G31: 0 | H31: 0 | I31: 0 | J31: =(data!J31-AVERAGE(data!J:J))/_xlfn.STDEV.S(data!J:J) -> -0.11799854 | K31: 0 | L31: 0 | M31: 1 | N31: 1 | O31: 1 | P31: 1 | Q31: 1 | R31: 0 | S31: {=$Y$2+MMULT(C31:R31,$Y$3:$Y$18)} -> -1.1145109 | T31: =EXP(S31)/(1+EXP(S31)) -> 0.24703087 | U31: =IF(T31>=cut,1,0) -> 0
A32: 31 | B32: 0 | C32: =(data!C32-AVERAGE(data!C:C))/_xlfn.STDEV.S(data!C:C) -> 0.62550529 | D32: 1 | E32: 1 | F32: 0 | G32: 1 | H32: 0 | I32: 0 | J32: =(data!J32-AVERAGE(data!J:J))/_xlfn.STDEV.S(data!J:J) -> -0.78198663 | K32: 1 | L32: 1 | M32: 1 | N32: 1 | O32: 0 | P32: 1 | Q32: 0 | R32: 1 | S32: {=$Y$2+MMULT(C32:R32,$Y$3:$Y$18)} -> -4.3114824 | T32: =EXP(S32)/(1+EXP(S32)) -> 0.013236106 | U32: =IF(T32>=cut,1,0) -> 0
A33: 32 | B33: 0 | C33: =(data!C33-AVERAGE(data!C:C))/_xlfn.STDEV.S(data!C:C) -> 0.45749072 | D33: 0 | E33: 0 | F33: 0 | G33: 0 | H33: 0 | I33: 0 | J33: =(data!J33-AVERAGE(data!J:J))/_xlfn.STDEV.S(data!J:J) -> -0.044222088 | K33: 0 | L33: 1 | M33: 0 | N33: 1 | O33: 1 | P33: 1 | Q33: 0 | R33: 0 | S33: {=$Y$2+MMULT(C33:R33,$Y$3:$Y$18)} -> -4.4469983 | T33: =EXP(S33)/(1+EXP(S33)) -> 0.011578054 | U33: =IF(T33>=cut,1,0) -> 0
A34: 33 | B34: 1 | C34: =(data!C34-AVERAGE(data!C:C))/_xlfn.STDEV.S(data!C:C) -> 1.6755964 | D34: 0 | E34: 1 | F34: 0 | G34: 1 | H34: 0 | I34: 0 | J34: =(data!J34-AVERAGE(data!J:J))/_xlfn.STDEV.S(data!J:J) -> 1.3575305 | K34: 1 | L34: 0 | M34: 1 | N34: 1 | O34: 1 | P34: 1 | Q34: 0 | R34: 1 | S34: {=$Y$2+MMULT(C34:R34,$Y$3:$Y$18)} -> 5.5757848 | T34: =EXP(S34)/(1+EXP(S34)) -> 0.9962258 | U34: =IF(T34>=cut,1,0) -> 1
A35: 34 | B35: 0 | C35: =(data!C35-AVERAGE(data!C:C))/_xlfn.STDEV.S(data!C:C) -> -1.3066623 | D35: 1 | E35: 0 | F35: 0 | G35: 0 | H35: 0 | I35: 0 | J35: =(data!J35-AVERAGE(data!J:J))/_xlfn.STDEV.S(data!J:J) -> -1.2246454 | K35: 0 | L35: 1 | M35: 0 | N35: 1 | O35: 1 | P35: 1 | Q35: 0 | R35: 0 | S35: {=$Y$2+MMULT(C35:R35,$Y$3:$Y$18)} -> -15.482457 | T35: =EXP(S35)/(1+EXP(S35)) -> 1.8882277e-07 | U35: =IF(T35>=cut,1,0) -> 0
A36: 35 | B36: 0 | C36: =(data!C36-AVERAGE(data!C:C))/_xlfn.STDEV.S(data!C:C) -> -0.088556643 | D36: 1 | E36: 1 | F36: 0 | G36: 0 | H36: 0 | I36: 0 | J36: =(data!J36-AVERAGE(data!J:J))/_xlfn.STDEV.S(data!J:J) -> 1.8739657 | K36: 0 | L36: 0 | M36: 0 | N36: 1 | O36: 0 | P36: 1 | Q36: 1 | R36: 0 | S36: {=$Y$2+MMULT(C36:R36,$Y$3:$Y$18)} -> -6.3863732 | T36: =EXP(S36)/(1+EXP(S36)) -> 0.0016815217 | U36: =IF(T36>=cut,1,0) -> 0
... A674: 673 | B674: 0 | C674: =(data!C674-AVERAGE(data!C:C))/_xlfn.STDEV.S(data!C:C) -> -1.0126368 | D674: 0 | E674: 1 | F674: 0 | G674: 0 | H674: 0 | I674: 1 | J674: =(data!J674-AVERAGE(data!J:J))/_xlfn.STDEV.S(data!J:J) -> -0.48688081 | K674: 0 | L674: 1 | M674: 0 | N674: 0 | O674: 0 | P674: 1 | Q674: 0 | R674: 0 | S674: {=$Y$2+MMULT(C674:R674,$Y$3:$Y$18)} -> -13.990646 | T674: =EXP(S674)/(1+EXP(S674)) -> 8.3934261e-07 | U674: =IF(T674>=cut,1,0) -> 0
A675: 674 | C675: =(data!C675-AVERAGE(data!C:C))/_xlfn.STDEV.S(data!C:C) -> 0.83552351 | D675: 0 | E675: 1 | F675: 0 | G675: 0 | H675: 0 | I675: 1 | J675: =(data!J675-AVERAGE(data!J:J))/_xlfn.STDEV.S(data!J:J) -> -0.92953954 | K675: 0 | L675: 1 | M675: 0 | N675: 0 | O675: 0 | P675: 1 | Q675: 0 | R675: 0 | S675: {=$Y$2+MMULT(C675:R675,$Y$3:$Y$18)} -> -3.2381292 | T675: =EXP(S675)/(1+EXP(S675)) -> 0.037755799 | U675: =IF(T675>=cut,1,0) -> 0
